{
  "BiLSTM-CRF": {
    "precision": 0.16367752045969006,
    "recall": 0.09355095541401273,
    "f1": 0.1190551580013932,
    "accuracy": 0.8312350449881518,
    "classification_report": "              precision    recall  f1-score   support\n\n           O      0.89      0.94      0.91     152505\n       B-ORG      0.01      0.00      0.01       1331\n       I-ORG      0.02      0.02      0.02       5670\n       B-PER      0.14      0.06      0.09       1973\n       I-PER      0.11      0.05      0.07       3851\n       B-LOC      0.04      0.01      0.02       2877\n       I-LOC      0.05      0.02      0.03       4394\n\n   avg/total      0.18      0.16      0.16     172601\n",
    "entity_metrics": {
      "ORG": {
        "precision": 0.0,
        "recall": 0.0,
        "f1": 0,
        "support": 1331
      },
      "LOC": {
        "precision": 0.0071877807726864335,
        "recall": 0.002780674313521029,
        "f1": 0.0040100250626566416,
        "support": 2877
      },
      "PER": {
        "precision": 0.05054945054945055,
        "recall": 0.02331474911302585,
        "f1": 0.03191120360735345,
        "support": 1973
      }
    },
    "performance_metrics": {
      "avg_inference_time": 0.03481577608707177,
      "std_inference_time": 0.003220132528641962,
      "total_inference_time": 4.769761323928833,
      "samples_per_second": 915.1401304089923
    },
    "error_analysis": {
      "total_errors": 29129,
      "error_distribution": {
        "false_negative": 0.6253561742593292,
        "false_positive": 0.32977445157746577,
        "boundary_error": 0.024614645198942634,
        "type_error": 0.02025472896426242
      },
      "error_counts": {
        "false_negative": 18216,
        "false_positive": 9606,
        "boundary_error": 717,
        "type_error": 590
      }
    }
  },
  "CAN-NER": {
    "precision": 0.1682455820732374,
    "recall": 0.09190883757961783,
    "f1": 0.11887751818240329,
    "accuracy": 0.8331469690210369,
    "classification_report": "              precision    recall  f1-score   support\n\n           O      0.89      0.94      0.91     152505\n       B-ORG      0.00      0.00      0.00       1331\n       I-ORG      0.03      0.01      0.01       5670\n       B-PER      0.05      0.06      0.06       1973\n       I-PER      0.06      0.04      0.05       3851\n       B-LOC      0.04      0.02      0.03       2877\n       I-LOC      0.02      0.01      0.01       4394\n\n   avg/total      0.16      0.15      0.15     172601\n",
    "entity_metrics": {
      "ORG": {
        "precision": 0.0010604453870625664,
        "recall": 0.0007513148009015778,
        "f1": 0.0008795074758135446,
        "support": 1331
      },
      "PER": {
        "precision": 0.01332720588235294,
        "recall": 0.01469842878864673,
        "f1": 0.013979272113762351,
        "support": 1973
      },
      "LOC": {
        "precision": 0.00529723366686286,
        "recall": 0.0031282586027111575,
        "f1": 0.003933566433566434,
        "support": 2877
      }
    },
    "performance_metrics": {
      "avg_inference_time": 0.1469981374531767,
      "std_inference_time": 0.002483672443420671,
      "total_inference_time": 20.138744831085205,
      "samples_per_second": 216.74637801966657
    },
    "error_analysis": {
      "total_errors": 28799,
      "error_distribution": {
        "false_negative": 0.6336678356887392,
        "boundary_error": 0.03198027709295462,
        "false_positive": 0.3170596201256988,
        "type_error": 0.017292267092607384
      },
      "error_counts": {
        "false_negative": 18249,
        "boundary_error": 921,
        "false_positive": 9131,
        "type_error": 498
      }
    }
  },
  "Lattice-LSTM": {
    "precision": 0.21739130434782608,
    "recall": 0.06916799363057324,
    "f1": 0.1049452623631559,
    "accuracy": 0.856223312727041,
    "classification_report": "              precision    recall  f1-score   support\n\n           O      0.89      0.97      0.93     152505\n       B-ORG      0.00      0.00      0.00       1331\n       I-ORG      0.04      0.01      0.02       5670\n       B-PER      0.06      0.04      0.04       1973\n       I-PER      0.05      0.03      0.04       3851\n       B-LOC      0.04      0.01      0.02       2877\n       I-LOC      0.03      0.00      0.01       4394\n\n   avg/total      0.16      0.15      0.15     172601\n",
    "entity_metrics": {
      "ORG": {
        "precision": 0.0,
        "recall": 0.0,
        "f1": 0,
        "support": 1331
      },
      "PER": {
        "precision": 0.016813450760608487,
        "recall": 0.010643689812468323,
        "f1": 0.01303538175046555,
        "support": 1973
      },
      "LOC": {
        "precision": 0.012542759407069556,
        "recall": 0.0038234271810914148,
        "f1": 0.005860415556739478,
        "support": 2877
      }
    },
    "performance_metrics": {
      "avg_inference_time": 0.016255025445979877,
      "std_inference_time": 0.0009731010183735743,
      "total_inference_time": 2.226938486099243,
      "samples_per_second": 1960.0900641157066
    },
    "error_analysis": {
      "total_errors": 24816,
      "error_distribution": {
        "false_negative": 0.7537878787878788,
        "boundary_error": 0.02691811734364926,
        "false_positive": 0.2016441005802708,
        "type_error": 0.01764990328820116
      },
      "error_counts": {
        "false_negative": 18706,
        "boundary_error": 668,
        "false_positive": 5004,
        "type_error": 438
      }
    }
  }
}